Altitude,Speed,Time
99.99986203917902,65.23931757161297,0.004024982452392578
99.99960380773328,65.23498593921717,0.009026050567626953
99.99940607700991,65.22661110265497,0.012238502502441406
99.99810538430702,65.69972054856818,0.015239715576171875
99.99588967435393,66.1772554539983,0.019238948822021484
99.99348379496449,66.65901712707341,0.022347211837768555
99.99112024797445,66.65872647781839,0.026346683502197266
99.98877024192429,66.65430060229083,0.028345346450805664
99.98582853517682,67.13180173221512,0.03239846229553223
99.982759004719,67.12734444636365,0.035904884338378906
99.97909583521752,67.60482883877596,0.03890490531921387
99.97530289843802,67.60034014579738,0.042429208755493164
99.97091437381094,68.07780780240117,0.045429229736328125
99.96632982398731,68.55962015709576,0.04793095588684082
99.96229973926752,69.04557705464066,0.051439762115478516
99.95849990210107,69.04956059011946,0.0544428825378418
99.95521004005896,69.53556095423615,0.05794644355773926
99.953252448941,70.02553461390401,0.06145286560058594
99.95174645567953,70.03391904706358,0.06445646286010742
99.95134454633421,70.52396782807728,0.06745672225952148
99.95139842405216,70.53241194060938,0.06996679306030273
99.95256058617257,71.02253586328847,0.09211874008178711
99.95586418921394,71.51649175423675,0.09515786170959473
99.95987266293278,71.52948809693034,0.09820699691772461
99.96561098305943,72.0235518125785,0.10171341896057129
99.9743226517531,72.52127425847011,0.10471606254577637
99.98401603558307,72.53894292391367,0.10827398300170898
99.99608810595086,73.03680686917201,0.1112210750579834
100.0119920794807,73.5381552942546,0.11422300338745117
100.02918240229857,73.56061588952484,0.11772346496582031
100.04658621706878,73.57853777417543,0.11972713470458984
100.06412754252891,73.59190884241926,0.1232450008392334
100.08263824775916,74.08043226716603,0.12624502182006836
100.10253992939998,74.5710910102199,0.1307518482208252
100.12295207248692,74.58001970075625,0.13425827026367188
100.1445273215714,75.07075375046394,0.13625764846801758
100.16661753875637,75.07974226758886,0.13976263999938965
100.18877539746032,75.08407393993949,0.14326882362365723
100.21151317818354,75.57060967446056,0.1467723846435547
100.23455333648792,75.57496966705723,0.14977550506591797
100.25765780002683,75.57464014211703,0.15277528762817383
100.28078013956562,76.05665241322235,0.16879987716674805
100.30401361034023,76.05632078803019,0.17330241203308105
100.32726530479069,76.53834590400939,0.17630386352539062
100.35114647326961,77.0250106587388,0.1798105239868164
100.37533310035948,77.02945456196623,0.18281197547912598
100.39958712243012,77.02911869512408,0.18541836738586426
100.42392639121658,77.02400426661103,0.18842172622680664
100.44839236235273,77.01411596146599,0.1935420036315918
100.47182175133847,77.48607734658955,0.1970515251159668
100.49504925132304,77.47612972072162,0.2005596160888672
100.51846522540316,77.4613877847198,0.2045590877532959
100.54034883809709,77.92785042288878,0.20706677436828613
100.56190501300155,77.91302253476589,0.2110764980316162
100.5837334433941,77.89338413986975,0.21452879905700684
100.6035567343379,78.35404474944418,0.21727800369262695
100.62294945387512,78.33429519253524,0.22096037864685059
100.64272036863022,78.30972323150942,0.2240917682647705
100.66003681733443,78.76428473553551,0.2274460792541504
100.674452340934,79.22475271647508,0.23049449920654297
100.68842278945785,79.20478369295658,0.23381686210632324
100.70036702335551,79.66515424289973,0.2374885082244873
100.71004988337494,80.1312657303635,0.24108147621154785
100.71937251702639,80.11601858268847,0.24416470527648926
100.72712491450781,80.58205822890504,0.2478342056274414
100.73451189765262,80.56672530572486,0.2514078617095947
100.74032344271345,81.03269313580908,0.2546553611755371
100.74576435754696,81.01727446710986,0.25773000717163086
100.75143430663043,80.99685362887729,0.2615199089050293
100.75744574043117,80.97144647450524,0.26459455490112305
100.76393482224063,80.94107246772256,0.2682063579559326
100.76751514148998,81.38847583549837,0.27129697799682617
100.76752897660356,81.84216639351389,0.27506327629089355
100.76698548703034,81.81649408079382,0.27837061882019043
100.76393318722985,82.27006355704955,0.2815382480621338
100.7579253331596,82.72975611839261,0.2851254940032959
100.74960786033584,83.19537928863667,0.28803539276123047
100.74088178664276,83.17954911021216,0.29103803634643555
100.73053697224715,83.64510060991887,0.2950763702392578
100.71977810865866,83.62918485980975,0.2980790138244629
100.70920483140321,83.60810567556446,0.30049800872802734
100.69653951303017,84.06750228438669,0.31624507904052734
100.68154668447309,84.53291229660404,0.3188188076019287
100.6661273155448,84.51682761623067,0.3223750591278076
100.64907121819056,84.98216603242813,0.3254106044769287
100.63035448396566,85.45335135798983,0.32837462425231934
100.61132242880892,85.44238089726217,0.3318827152252197
100.59113672101623,85.913521399543,0.33588409423828125
100.57063173870128,85.90249186240361,0.3384666442871094
100.55019770282045,85.88614658235417,0.34151291847229004
100.52992330439417,85.86449851881078,0.34502243995666504
100.50992098560481,85.83756447790418,0.3480215072631836
100.49032693972103,85.80536509306941,0.35057497024536133
100.47130109658814,85.7679248011839,0.3535740375518799
100.44890510708841,86.20671498852658,0.3565351963043213
100.42581674109047,86.16909957172648,0.36008143424987793
100.40346946556883,86.12624707783571,0.3626265525817871
100.38207060334969,86.07818961094442,0.36566638946533203
100.36185108654564,86.02496299815672,0.36921000480651855
100.3372316317979,86.44134886967328,0.3722100257873535
100.3067151236406,86.86517783143245,0.3747565746307373
100.27081026975114,87.29626893886392,0.3903508186340332
100.23417570420858,87.25285589578954,0.39385414123535156
100.19375648884878,87.68376601300359,0.39685654640197754
100.15259561685075,87.64016026493306,0.40036678314208984
100.10763811842618,88.07088956639191,0.4033660888671875
100.05780466372438,88.50874530421108,0.40636706352233887
100.00365909559038,88.95354217083249,0.4088733196258545
99.94579261763552,89.40509265291726,0.41187405586242676
99.88721397634254,89.37704799576197,0.41587233543395996
99.82894073020448,89.34352087996697,0.4188826084136963
99.77113291067991,89.30453675005626,0.42252111434936523
99.71397431407529,89.2601249814,0.4263880252838135
99.65767245753672,89.21031884626062,0.4289696216583252
99.60245851961291,89.15515547538399,0.43251466751098633
99.54275297728876,89.56970012976475,0.4355618953704834
99.48232448041013,89.51431453478575,0.43874502182006836
99.42322508784791,89.45359123399012,0.4417903423309326
99.3657331118247,89.38757512257784,0.44434547424316406
99.31015026005848,89.31631482807688,0.4483489990234375
99.25680151182328,89.23986265475895,0.4514439105987549
99.20603497725158,89.1582745240592,0.4539484977722168
99.15822173966518,89.07160991111874,0.4564967155456543
99.10459137773817,89.43459581435474,0.46004414558410645
99.05103661697042,89.34766260853495,0.46308398246765137
98.99165034122231,89.71038813619862,0.46608781814575195
98.93232523996612,89.62318685167328,0.4693152904510498
98.86715416086172,89.9856525022078,0.47242045402526855
98.79340933749809,90.35694623055808,0.4757397174835205
98.71142782553393,90.73690353745222,0.47841620445251465
98.62157526658216,91.12535726464257,0.4813244342803955
98.53120672806799,91.05271160011617,0.484865665435791
98.44298360405466,90.9747731215558,0.48686647415161133
98.34918270127817,91.35421970409848,0.49036121368408203
98.25467814796667,91.28409133468304,0.4938626289367676
98.15502666514999,91.68075929452189,0.496412992477417
98.05471457252735,91.6130995489884,0.49996185302734375
97.949240524558,92.00953449584716,0.5029633045196533
97.84309080209766,91.94163211656335,0.5059607028961182
97.7387251959404,91.86833571297996,0.5085456371307373
97.62895063543337,92.2559208925123,0.5116634368896484
97.51164762953998,92.65190057500253,0.5266330242156982
97.38723826203154,93.05610273504362,0.5311417579650879
97.25617293417636,93.46835280498826,0.5346453189849854
97.11843439319244,93.87621666978893,0.5381507873535156
96.97400497663634,94.28798433878188,0.5411536693572998
96.82863067520476,94.2296811837595,0.5444021224975586
96.67852859798354,94.64124094064329,0.5470287799835205
96.52219901688956,95.06074293782592,0.5496184825897217
96.3648451518558,95.00770012380119,0.5536150932312012
96.20831450431348,94.94895193114988,0.556612491607666
96.04702685738859,95.36008860426647,0.56011962890625
95.87898683134979,95.7667827106261,0.5636227130889893
95.70417655623646,96.1774383257706,0.5666253566741943
95.523073709791,96.59612969378757,0.5701680183410645
95.3408813407035,96.54223015140542,0.5731306076049805
95.15944712577993,96.48253307918358,0.5763845443725586
94.97877313299028,96.42578088438958,0.5799298286437988
94.79359310964126,96.84434120562635,0.5829312801361084
94.60710546406904,96.79912874718994,0.5859313011169434
94.42092655503312,96.75098986568966,0.5894756317138672
94.23526461988268,96.69700391309186,0.6050806045532227
94.05035175052626,96.63721113621916,0.6080818176269531
93.86060753571658,97.04735475481893,0.6111431121826172
93.66453142199943,97.46558708050456,0.6146619319915771
93.46732635456357,97.41120239078356,0.6182868480682373
93.27084011621362,97.35096798791946,0.6202127933502197
93.06949221644311,97.76069176609224,0.624762773513794
92.8617818602027,98.17854767414308,0.62772536277771
92.65291191226052,98.12376516051488,0.6302759647369385
92.43946168151385,98.54142947998105,0.6338169574737549
92.22013906230863,98.96706944761662,0.6368660926818848
91.99547717329249,99.40050395839316,0.639406681060791
91.76958545850974,99.35713156696131,0.643446683883667
91.53977392459551,99.79040780637952,0.6460306644439697
91.30871888157562,99.74686528439861,0.6495401859283447
91.07785464990944,99.69726047297009,0.6525447368621826
90.84738971638365,99.64163053486303,0.6555044651031494
90.61732520607518,99.58905108601907,0.6590485572814941
90.38296423021364,100.01420196417631,0.6621525287628174
90.14734842847288,99.96446420435336,0.6651365756988525
89.91211941193723,99.90868516960144,0.6681332588195801
89.67224069767528,100.32540761256675,0.6712708473205566
89.43111767853784,100.2694271754958,0.6738171577453613
89.19059844741666,100.20742538388242,0.6768569946289062
88.94510221224903,100.61546895921038,0.6804139614105225
88.69312725879297,101.03181844258128,0.6824779510498047
88.43517798044176,101.45629575470122,0.6859607696533203
88.17572671257332,101.4151289124385,0.6895520687103271
87.91265745498244,101.85548048861189,0.6925959587097168
87.64827954727829,101.81727246356212,0.6955878734588623
87.3838194167824,101.77284553995557,0.6980586051940918
87.11533698525444,102.20514158080317,0.7010636329650879
86.84550829054473,102.16054541448146,0.7043159008026123
86.57576781223776,102.1097402630988,0.7079775333404541
86.3016258857455,102.53371433987321,0.7109041213989258
86.0219990265548,102.9657016510788,0.7134048938751221
85.7409962918527,102.92077362216322,0.7164463996887207
85.45592730000863,103.35260388043974,0.7199916839599609
85.16946797213252,103.30750703070065,0.7232286930084229
84.88305285606017,103.25613148731091,0.7260823249816895
84.59689074866829,103.19851573963075,0.7411580085754395
84.31121445145695,103.13470274051488,0.7442028522491455
84.02044286310914,103.54102445583918,0.7477104663848877
83.72307332672511,103.95583016584197,0.7507128715515137
83.41960935135559,104.37894238262582,0.7537131309509277
83.11470770380433,104.32703400696674,0.7567706108093262
82.80531157159541,104.74997292463958,0.760312557220459
82.49446207073787,104.69788003290554,0.7638883590698242
82.17910234719969,105.12064581851588,0.7668931484222412
81.86227347537043,105.06836858856781,0.7692863941192627
81.54039808810627,105.47798440536633,0.773247480392456
81.21711300434663,105.41276189245166,0.7762863636016846
80.89447252738206,105.3412536551227,0.7787916660308838
80.56635411653303,105.73722798866463,0.7817914485931396
80.23104613781943,106.1420188671097,0.7847909927368164
79.89429327655021,106.0763857472186,0.788846492767334
79.55231133117137,106.48097712896137,0.7919392585754395
79.20359657855535,106.89423146841402,0.7949063777923584
78.8486515274846,107.315971871986,0.7979061603546143
78.48800683803911,107.74601873740633,0.8014140129089355
78.12222114338059,108.18418979230275,0.8157446384429932
77.75485286798721,108.1436077419924,0.8192532062530518
77.38712870974423,108.09642038680755,0.8224091529846191
77.0190477798558,108.05255925178261,0.8259115219116211
76.6506090734934,108.00541162467357,0.8293426036834717
76.2819976617771,107.95169978058077,0.8325202465057373
75.91342280041076,107.89146395916646,0.8350009918212891
75.54488465859723,107.83453119241535,0.839047908782959
75.17638326008493,107.77436074974142,0.841040849685669
74.80288119954956,108.18693258934375,0.8450460433959961
74.42778294618287,108.12656551069601,0.8480427265167236
74.05293753882222,108.05970524260123,0.8503572940826416
73.67834572087746,107.99614321488916,0.85386061668396
73.29873720217944,108.40859802308889,0.8568642139434814
72.91281664010538,108.82963143403684,0.8600425720214844
72.52111413321019,109.25906411791263,0.862036943435669
72.12418779407793,109.69671404106667,0.8650007247924805
71.72262355349777,110.14239650284878,0.8680002689361572
71.31703494606892,110.59592417066398,0.8710989952087402
70.90817888690998,111.02483846325475,0.8743863105773926
70.49787233643703,111.00371297506715,0.8763861656188965
70.08486782817872,111.46483094021005,0.8799796104431152
69.6703671539648,111.44362173151445,0.8834426403045654
69.25496922777677,111.41553176938724,0.8854458332061768
68.83576787775014,111.85660937637891,0.889033317565918
68.41470275211736,111.82496634420839,0.8920538425445557
67.99283752989483,111.7898890040987,0.8951568603515625
67.5703088674415,111.74795438399883,0.8981168270111084
67.14711504416273,111.70946551451456,0.9006705284118652
66.72112408014658,112.01287474044942,0.9042160511016846
66.29136808387601,112.45294703960796,0.9061756134033203
65.85999479485152,112.42460267162748,0.9097614288330078
65.42540087532534,112.8776255536371,0.9127235412597656
64.98734554449086,113.33844492737482,0.9160244464874268
64.54772672555396,113.31687921277747,0.91957688331604
64.10714328760638,113.28831708606258,0.9225764274597168
63.663314517455575,113.74114892890036,0.9251203536987305
63.21656878893096,114.04348571048472,0.9286301136016846
62.76840563956518,114.02178584274704,0.9318292140960693
62.316791544122026,114.47037652855505,0.9351840019226074
61.86039346263475,114.91049588952973,0.9518322944641113
61.402171149629595,114.86739066746051,0.955242395401001
60.943351541672435,114.8172694584889,0.9587523937225342
60.484120080802086,114.76017003001074,0.9622611999511719
60.0199857785067,115.17823816511712,0.9663088321685791
59.54986170608543,115.60509484234943,0.9687995910644531
59.07785557995798,115.55465174371972,0.9723076820373535
58.6012756728453,115.98135568761694,0.9763123989105225
58.12279655795528,115.9307484114226,0.9788191318511963
57.639726462405676,116.35729975057431,0.982325553894043
57.15118886954256,116.7925048588202,0.9853248596191406
56.6577735717195,117.23529329798464,0.98883056640625
56.16008920536618,117.68725213574777,0.9908308982849121
55.6605863085175,117.65758843311512,0.9943361282348633
55.157680056951406,118.10945386626264,0.9978394508361816
54.652941269757974,118.07968374542106,1.0008423328399658
54.14478508514252,118.5314558181504,1.0038425922393799
53.632969796208954,118.99137430401179,1.0069396495819092
53.11939279499435,118.96873296620774,1.0100901126861572
52.60465281841659,118.93874625946383,1.0130798816680908
52.08648483052548,119.38692807936532,1.0291507244110107
51.56463580001426,119.8467102532837,1.0326590538024902
51.03976753412101,120.31449989700707,1.035203218460083
50.5132216928087,120.29905397856018,1.0388240814208984
49.9841562774517,120.76679956562351,1.041900634765625
49.45275408516175,121.24238602708311,1.0449459552764893
48.91973555987285,121.72561611011623,1.047985553741455
48.385329359950006,121.72508535732142,1.0505712032318115
47.84950341713898,121.71700329357915,1.0545732975006104
47.31164862831704,122.19255616298051,1.0570814609527588
46.77222499923143,122.18444306102752,1.061208724975586
46.23076283223015,122.65997939120356,1.0632529258728027
45.68765722047565,123.1432472768931,1.0662522315979004
45.14313674927602,123.14271034288738,1.0693895816802979
44.597169288084295,123.13453415445863,1.072434902191162
44.04979360767552,123.11872620135097,1.0754303932189941
43.50107294947779,123.09529952285233,1.0779733657836914
42.95109506038768,123.06427269289193,1.0815601348876953
42.397578442200846,123.51494225797683,1.0846047401428223
41.84209355103604,123.483809654816,1.0871531963348389
41.28305516094583,123.93438642534703,1.0897462368011475
40.72022092446826,124.39344400197464,1.092707872390747
40.154257145121846,124.86079081010217,1.0963428020477295
39.5858571873016,125.33623244418793,1.0994539260864258
39.015806102775976,125.3279106145761,1.1024572849273682
38.443633972200715,125.80333572075767,1.1055011749267578
37.86980055296374,125.7949828773376,1.1080422401428223
37.29383589834293,126.27039145729714,1.1100871562957764
36.716199738279194,126.26200760322529,1.113635778427124
36.13707012597145,126.24579814655922,1.1166903972625732
35.555279416128414,126.71296439913114,1.1208481788635254
34.971009891310864,127.18834049853537,1.123396873474121
34.38504648834008,127.17989569628145,1.1264398097991943
33.79756722121244,127.16356840157724,1.1289901733398438
33.20863520101043,127.13937208209282,1.1326239109039307
32.618338102767154,127.10732592197009,1.1356189250946045
32.02439413894865,127.55710123135228,1.138230800628662
31.428373475733714,127.52494978035871,1.141162395477295
30.831084683224194,127.48494765755771,1.1441843509674072
30.232664619929967,127.43712550748585,1.1477255821228027
29.633274736317357,127.3815196235079,1.1625218391418457
29.028972594514023,127.80342470499006,1.165524959564209
28.418879645827,128.234687473424,1.16963791847229
27.803578542011994,128.67512574183243,1.1726765632629395
27.183679827175066,129.1245542801359,1.1756842136383057
26.559821708442556,129.58278484939365,1.1792588233947754
25.93266980730823,130.04962623429358,1.1818718910217285
25.302916891357103,130.5248842739911,1.1848313808441162
24.670556195008235,130.99590759321748,1.1883594989776611
24.036228618483587,130.9790904007154,1.1914029121398926
23.40032238767897,130.9541680746361,1.194976806640625
22.761111917053448,131.41210711110836,1.1985173225402832
22.118566344742387,131.87877032656655,1.2015540599822998
21.473378288185696,132.35396364642554,1.2045512199401855
20.826332243425778,132.34517586724598,1.207122564315796
20.1769577338019,132.8203526844733,1.209688425064087
19.525648954437706,133.3038915146456,1.2132582664489746
18.873151944987598,133.79559239927434,1.216256856918335
18.220238994091602,134.29525246740042,1.2193818092346191
17.56602472046857,134.31133216710091,1.2214176654815674
16.910055684488725,134.31908116391887,1.2378642559051514
16.252839256159184,134.81087211421843,1.2408676147460938
15.59409296682185,134.81864993163848,1.2444417476654053
14.933573560594045,134.81806209008522,1.2464840412139893
14.271294671763393,134.8091107045247,1.250157117843628
13.607294523540364,134.7918039748153,1.2531569004058838
12.94040485707478,135.2581380198938,1.2566604614257812
12.270807125147211,135.7332117690026,1.2602622509002686
11.599285647143875,135.7241996211266,1.2628045082092285
10.92466848241695,136.18593797844665,1.2668063640594482
10.246620922511374,136.65213623986236,1.2693872451782227
9.566483520962965,136.63459290340865,1.2726094722747803
8.883413169406406,137.10074746744024,1.2755329608917236
8.197591162800881,137.5757560202715,1.2780768871307373
7.5097366600373565,138.05942166175868,1.2811157703399658
6.820077197943572,138.0588196896657,1.284123420715332
6.127788378747214,138.52934278540835,1.287623643875122
5.4327230706215675,139.00430079085044,1.2906274795532227
4.735600355535506,139.48800452703284,1.2932145595550537
4.036647703183,139.48739632597696,1.2962563037872314
3.3357669747148546,139.97111294476377,1.2988460063934326
2.633046181092041,139.97050263723966,1.3019578456878662
1.9283871561701336,140.4542321389183,1.3044273853302002
1.2223961409441892,140.94656738799858,1.3080716133117676
0.5158451333588822,141.44730537754887,1.31101393699646
-0.1921516358189238,141.46424142072334,1.3141531944274902
-0.902048092353565,141.4724030995552,1.3161039352416992
-1.6138555160531016,141.471786246047,1.319159746170044
-2.3283519618369932,141.94208273432267,1.32216215133667
-3.045684722278528,142.416919988218,1.3247463703155518
-3.7651349007169843,142.9007147279804,1.3279080390930176
-4.486475189186099,142.90009164669192,1.330867052078247
-5.209803888704066,143.38389927108867,1.333869218826294
-5.935033150910511,143.38327408300006,1.3368663787841797
-6.662196219318821,143.373754001274,1.3394684791564941
-7.391903582016831,143.8485405989452,1.3430099487304688
-8.123696621720805,143.83898962536452,1.34505295753479
-8.857398010963143,143.82052364408096,1.3485562801361084
-9.594176512203951,144.2859783241745,1.351637363433838
-10.33385135433671,144.76073264499493,1.3551480770111084
-11.07570382662991,145.2445898867038,1.370520830154419
-11.81898851253542,145.7373501270992,1.3740291595458984
-12.564034983276407,145.7457583398998,1.3770740032196045
-13.310568878841497,146.2385630429953,1.380082130432129
-14.058873314724778,146.24700017291875,1.3830811977386475
-14.809424993328262,146.72631950157924,1.385087490081787
-15.56218361528982,147.21022915916876,1.3892605304718018
-16.316403839115583,147.70316378729538,1.3918054103851318
-17.072415315223754,147.7116854163175,1.3948087692260742
-17.830462038991907,147.71104135804637,1.3984003067016602
-18.5905960980683,148.1949772750012,1.4014108180999756
-19.35272991069008,148.194331109462,1.40543794631958
-20.11768832099146,148.66418124737416,1.4081413745880127
-20.884970484498773,148.64509581027815,1.4120404720306396
-21.654188607448326,148.61681204730087,1.415475606918335
-22.42706923582099,149.07193669758271,1.418525218963623
-23.203644725426926,149.53687990883793,1.4215750694274902
-23.983223766112538,150.01144843920918,1.424842119216919
-24.765022834441496,150.00148827294768,1.428342580795288
-25.549513382464088,150.47604036427597,1.4309256076812744
-26.336302339482707,150.96005001486282,1.4479620456695557
-27.125162885295698,150.95939179294524,1.4504923820495605
-27.916920028644405,151.42905834177526,1.4535362720489502
-28.711073051216772,151.4096179510689,1.4570844173431396
-29.508465885171177,151.87433348053582,1.4605698585510254
-30.30891835061453,152.34881930576736,1.4636130332946777
-31.11171224260237,152.83287889734623,1.46665620803833
-31.91685362248396,153.3121695100006,1.4699959754943848
-32.72428389307311,153.30199018892796,1.4739959239959717
-33.53382608298304,153.2823093521192,1.4765045642852783
-34.345417802885386,153.25314323343434,1.480513572692871
-35.15897177567181,153.21451495733905,1.4835186004638672
-35.9767713909619,153.65851579348183,1.4865565299987793
-36.799062253812366,154.1128370928372,1.4891526699066162
-37.62394920801899,154.0835129437132,1.492140531539917
-38.45264827341183,154.5377665235294,1.4961023330688477
-39.28396065170918,154.5083615200507,1.498642921447754
-40.117288173831774,154.46941685945907,1.5012331008911133
-40.95491437129368,154.91314013230533,1.5041899681091309
-41.795270825575166,154.8740934450951,1.5076913833618164
-42.6405675324695,155.30153893755622,1.5106956958770752
-43.492297537905614,155.71774705925364,1.5133702754974365
-44.346923578297364,155.6498012158285,1.5163164138793945
-45.2071400765404,156.06023617728812,1.5194435119628906
-46.07382987085327,156.481766573127,1.521479845046997
-46.946414256578976,156.9142140465555,1.5250308513641357
-47.82189030010929,156.86499307708777,1.5281164646148682
-48.69923950159216,156.80614988518323,1.5311579704284668
-49.58185454352263,157.2274233691573,1.5337464809417725
-50.47040677936864,157.65965990429507,1.537743330001831
-51.36189338944987,157.61020510280628,1.54115629196167
-52.25827222052932,158.0423333531071,1.544736623764038
-53.16000251560176,158.4852663566275,1.5482847690582275
-54.064634995123534,158.44531929585804,1.5513246059417725
-54.97375739051624,158.888163165633,1.5535051822662354
-55.887616456516604,159.34165116690642,1.5565030574798584
-56.80431769633201,159.31133209402046,1.5600829124450684
-57.72326309348531,159.27117681895467,1.5620830059051514
-58.64673679388226,159.7138380228685,1.565671682357788
-59.574985732930934,160.16719446015188,1.568213701248169
-60.506115517464735,160.13671830525317,1.585146427154541
-61.44134293273574,160.59000736030154,1.5876522064208984
-62.380702148999916,161.05382875269362,1.5907011032104492
-63.322854500197884,161.03315273852573,1.5947399139404297
-64.26864498782238,161.4969309701438,1.5977439880371094
-65.21724591948225,161.47619807072334,1.6011018753051758
-66.1695023432629,161.9399331513116,1.6044423580169678
-67.12523558976275,162.41406282965025,1.6074042320251465
-68.08366341039775,162.40327917889678,1.6099474430084229
-69.04525853571892,162.87739246285722,1.612910270690918
-70.0095640266462,162.86657804885047,1.6164546012878418
-70.97705265627528,163.34067494010122,1.6190006732940674
-71.94733287680553,163.8250276491231,1.6215448379516602
-72.92017919714381,163.8243133328266,1.625098705291748
-73.89562638585089,163.81343604702306,1.6282000541687012
-74.8736376940329,163.79240575577924,1.6312415599822998
-75.85538364935378,164.25591524602794,1.6342408657073975
-76.84068587004374,164.72996297894315,1.6362481117248535
-77.82876232151344,164.71902556158872,1.63983154296875
-78.82008594892109,165.1930569084658,1.6423835754394531
-79.8142654028192,165.677459014558,1.65806245803833
-80.81055700313097,166.17203201975707,1.6611034870147705
-81.80819032945351,166.67657243748044,1.6651067733764648
-82.80636856516796,167.19087317968257,1.6677708625793457
-83.80426886264732,167.7147235804634,1.671241044998169
-84.80104272974847,168.247909418406,1.6742451190948486
-85.79581643774867,168.79021293777953,1.6778419017791748
-86.7876914508604,169.34141286875007,1.680966854095459
-87.77574487743034,169.9012844467464,1.6845383644104004
-88.75902994289913,170.4695994311322,1.6865756511688232
-89.74229782420556,170.5634903107045,1.690169095993042
-90.72324947666355,171.1197847197569,1.6937079429626465
-91.7049294038231,171.1931154125104,1.6967499256134033
-92.68483677250542,171.7454187237424,1.6998822689056396
-93.66546963581358,171.81901752210976,1.7028789520263672
-94.64432715317109,172.37160823911069,1.705843210220337
-95.62390737025687,172.44547538114753,1.7084228992462158
-96.60571314284968,172.50877533051946,1.711427927017212
-97.58732534379945,173.0388613180867,1.7150523662567139
-98.56861484780254,173.55944743405985,1.7180531024932861
-99.55184763417228,173.5909875446166,1.7206051349639893
-100.53600584831054,174.1067589278068,1.7241878509521484
-101.52211506047323,174.13839849860776,1.7261865139007568
-102.50915743681037,174.65428631174524,1.7297749519348145
-103.49815856838947,174.68602538202302,1.7327749729156494
-104.48810064222043,175.2020296710342,1.735360860824585
-105.48000927029446,175.233868280037,1.7379965782165527
-106.47366680883903,175.73456169705602,1.7409451007843018
-107.46865898028183,176.24054354837764,1.7445290088653564
-108.46587364008599,176.26164552304348,1.7465317249298096
-109.46466550223946,176.76770682576148,1.750114917755127
-110.46400538977117,177.28415387182557,1.7530770301818848
-111.4630704579807,177.8107753580885,1.7556638717651367
-112.46385958739508,177.85409615097564,1.7592458724975586
-113.46498306950839,178.38087411349474,1.7612454891204834
-114.46783613945506,178.4243338019581,1.7648301124572754
-115.47329577274171,178.4567579845499,1.7677931785583496
-116.47974061490108,178.97356427833438,1.7703399658203125
-117.48592971379396,179.50064958808477,1.7733407020568848
-118.49101458601179,180.03779868805591,1.776376485824585
-119.49754809455729,180.09278723262162,1.7919683456420898
-120.50661670379138,180.13666400173452,1.7954025268554688
-121.51604189525665,180.664068637664,1.798905849456787
-122.52721896378655,180.7080845904871,1.8020751476287842
-123.5410249838105,180.7409237879537,1.8044519424438477
-124.55752340622067,180.76256461087712,1.8079941272735596
-125.57565095910888,181.2693043717244,1.811034917831421
-126.59437854245492,181.78670887171052,1.813582181930542
-127.6128833604023,182.3145665234159,1.8166275024414062
-128.63031694252044,182.85266186130963,1.8201329708099365
-129.64923224021499,182.9085101432759,1.8221735954284668
-130.6707158824218,182.9530729188965,1.8251967430114746
-131.69258943991719,183.48125079299305,1.8287467956542969
-132.71340078562545,184.01973845266633,1.8317391872406006
-133.73227618082234,184.56831644968844,1.8347382545471191
-134.75232109153038,184.6360663576585,1.8382422924041748
-135.77140425848307,185.18488954727405,1.841245174407959
-136.7876534467253,185.74361769162584,1.8432459831237793
-137.80014568257735,186.31202353986117,1.8463764190673828
-138.8079340731247,186.8898759997286,1.8499200344085693
-139.81004830077433,187.47694015451853,1.8654720783233643
-140.8054951396559,188.07297727949327,1.8680894374847412
-141.7942568270211,188.66515272456743,1.872145414352417
-142.77631624960605,189.2620239337073,1.8746168613433838
-143.75065793568814,189.86769736617393,1.8781373500823975
-144.72365550087062,190.00667033045312,1.8811779022216797
-145.69098503572644,190.6129110584946,1.8847541809082031
-146.65695224710385,190.752429479201,1.8877506256103516
-147.61723317836257,191.35923835054763,1.8903250694274902
-148.56872285746456,191.97469240710362,1.8938663005828857
-149.51036298695567,192.5985408303719,1.8969006538391113
-150.44959175138803,192.76241886626946,1.8994710445404053
-151.3813705075683,193.38696075992553,1.9024739265441895
-152.31071265817425,193.55150964571095,1.9054718017578125
-153.23257949547036,194.1767462108262,1.9090447425842285
-154.1519843573034,194.3419671083928,1.9120428562164307
-155.0718539431635,194.49581188110386,1.9146208763122559
-155.98609672549225,195.10116116440508,1.9176201820373535
-156.8924457290285,195.7112830394164,1.921109914779663
-157.78986442322545,196.33031144107457,1.9236459732055664
-158.6852601833139,196.4857302247236,1.926689624786377
-159.57395008127662,197.1053946817768,1.9292583465576172
-160.45262969187547,197.73375988882785,1.9324090480804443
-161.3287367878567,197.9020073743047,1.935849666595459
-162.19723231395355,198.5310738746872,1.9383845329284668
-163.0546136733367,199.16863224589687,1.9414243698120117
-163.9008522493256,199.80284034045107,1.9439518451690674
-164.74443527678127,199.97284836284098,1.9465248584747314
-165.58828753006784,200.13115064753282,1.9500911235809326
-166.42530102231075,200.7538090974251,1.9530870914459229
-167.260135832327,200.91272960538848,1.9560878276824951
-168.0881086308743,201.53602996801825,1.9586694240570068
-168.90591573498537,202.1682956589674,1.9617927074432373
-169.72099451925774,202.34031639739308,1.964245080947876
-170.52830553001704,202.97329013720307,1.9678914546966553
-171.32434700828506,203.61501941714326,1.970810890197754
-172.10908994245446,204.25327236452105,1.9733386039733887
-172.88250603703864,204.89620345201212,1.976374864578247
-173.65255886977138,205.08259634924661,1.9789471626281738
-174.4138553968657,205.72630610991428,1.9820945262908936
-175.17175788682283,205.91345414675996,1.997711420059204
-175.92087321778845,206.55794402073974,2.0007519721984863
-176.65750407121521,207.21110113491616,2.003751277923584
-177.38053531926323,207.87265859725628,2.0062971115112305
-178.09896998004822,208.08590758896673,2.010375499725342
-178.8067169540604,208.7483876033746,2.0134057998657227
-179.49969306162964,209.4190479099159,2.016411781311035
-180.1767474143191,210.0976131604775,2.020554780960083
-180.83671216807957,210.7838039592209,2.0240776538848877
-181.47954553977002,211.46744104202378,2.0286810398101807
-182.10520656674046,212.15530826130998,2.0317447185516357
-182.72422013859634,212.40904472572433,2.0351955890655518
-183.32947301112992,213.09806429690798,2.038081407546997
-183.9163214632109,213.79455710795796,2.041142225265503
-184.4847210370334,214.48864935605965,2.0447072982788086
-185.03462811916805,215.1869206952048,2.0483100414276123
-185.56599804102018,215.88275545999227,2.051382064819336
-186.0904925125719,216.1409499286924,2.0543837547302246
-186.6021221957043,216.82363914872695,2.0579516887664795
-187.10804854398597,217.0584926704679,2.0605249404907227
-187.60183511764274,217.73839039045228,2.0764002799987793
-188.07921293909124,218.42667272907565,2.079993724822998
-188.53901834691516,219.12305678403095,2.082975387573242
-188.99177526197977,219.38512663349974,2.085555076599121
-189.44155439821972,219.63519824862632,2.0891220569610596
-189.88877784387776,219.87309712353442,2.0922327041625977
-190.33384638743382,220.0986569281872,2.0941214561462402
-190.76862192394807,220.76093065853973,2.0982344150543213
-191.19917428674123,220.9617556068227,2.101834535598755
-191.6211512505963,221.6063619277671,2.1048336029052734
-192.03192336260068,222.2562964182406,2.1084492206573486
-192.4389253350583,222.4454096127947,2.111414670944214
-192.84507085748564,222.6215016015282,2.114414930343628
-193.24324904313713,223.26263143246678,2.116417646408081
-193.63811705836298,223.43937034943184,2.1199817657470703
-194.02599543828393,224.06590476413209,2.123164415359497
-194.4046136727772,224.6980929124016,2.1261985301971436
-194.77294090572084,225.3409282529367,2.1298444271087646
-195.13788100086583,225.51931238892845,2.1328423023223877
-195.49474751584873,226.1628221990574,2.1354291439056396
-195.84819734284198,226.3418569618243,2.138079881668091
-196.19354396335743,226.986042329852,2.1411526203155518
-196.5274895945679,227.64071279054863,2.144155502319336
-196.8574684462784,227.83440747142004,2.1471524238586426
-197.17843789796484,228.48982478541436,2.149723768234253
-197.4954073571848,228.68424195777183,2.152355670928955
-197.80333411848574,229.34040741859292,2.1552977561950684
-198.10722750411693,229.53554833377154,2.1579439640045166
-198.40204472326204,230.1924632371889,2.161471128463745
-198.68429103495166,230.85974928429476,2.1650683879852295
-198.95393411959253,231.52278660565682,2.168031930923462
-199.2194458402098,231.71978446125266,2.1706061363220215
-199.47680552220578,232.36313452435766,2.1741721630096436
-199.73095989676307,232.533211867908,2.1761744022369385
-199.98441994749467,232.68944943771982,2.1797473430633545
-200.2321168318346,233.30011713219736,2.1827492713928223
-200.47785465623352,233.42861366926297,2.1862878799438477
-200.71839296791129,234.03384901058303,2.188854932785034
-200.9512418429624,234.65116709254818,2.191397190093994
-201.17541405556352,235.28031889471313,2.1954307556152344
-201.38990116496254,235.92105054435297,2.212334394454956
-201.5936740798573,236.57310332783993,2.2162458896636963
-201.7856836436854,237.236213701695,2.2197630405426025
-201.96486124068335,237.91011330351589,2.2218027114868164
-202.13916662267786,238.12653876456847,2.2253501415252686
-202.30320291813774,238.8012743150146,2.228818893432617
-202.45328167705813,239.48657847431107,2.2319588661193848
-202.58829751783634,240.18217296074928,2.235063076019287
-202.7071275632403,240.88777468729475,2.2385690212249756
-202.81928386155315,241.14869338809584,2.241633415222168
-202.91832757862443,241.85536948719337,2.2440743446350098
-202.99999743898212,242.57182073582558,2.247629165649414
-203.07431291451084,242.84832228324788,2.250580072402954
-203.14514511578093,243.1113645601925,2.2530832290649414
-203.2038460360934,243.80591661953005,2.256592035293579
-203.2483238036371,244.49113976003156,2.2600977420806885
-203.27854302100903,245.1821167936719,2.2620980739593506
-203.2934002982105,245.88371767230035,2.26615047454834
-203.29177492900578,246.59565716778374,2.268235683441162
-203.2725295778262,247.3176451271522,2.271170139312744
-203.24568311399733,247.59955632102074,2.2863993644714355
-203.2151034551493,247.86774491896048,2.2902777194976807
-203.1811768816763,248.12202341348785,2.292278528213501
-203.13468565294443,248.82672465439487,2.2958316802978516
-203.0816780494463,249.0819869313159,2.299375057220459
-203.01605818790173,249.78770052909823,2.302884101867676
-202.93375686164805,250.50397964525212,2.3058829307556152
-202.8347324196825,251.21616790421248,2.3089077472686768
-202.71894398718632,251.93403488762286,2.3119733333587646
-202.59590218221015,252.20691839595278,2.31547212600708
-202.46928279011016,252.4656482905588,2.3179562091827393
-202.3298674954574,253.1749302248219,2.321474075317383
-202.1837040011523,253.43465316751738,2.324981689453125
-202.0257589451951,254.1291972429195,2.327998399734497
-201.85304569721603,254.82978355283322,2.3310017585754395
-201.66446423917262,255.5415586532871,2.3355071544647217
-201.45997455645133,256.24886239615535,2.339015007019043
-201.23953738875903,256.9621340266304,2.342521905899048
-201.0031125234753,257.67089508605034,2.3460280895233154
-200.7602388220748,257.9203290202868,2.349534273147583
-200.51420458015912,258.15495765943103,2.352909564971924
-200.256833883729,258.84849839681334,2.356017827987671
-199.9844446704052,259.55378991508314,2.3591065406799316
-199.6959385783759,260.27054685102473,2.362250566482544
-199.4003123382999,260.5375489284622,2.365849733352661
-199.091468562401,261.2553433154968,2.3691093921661377
-198.7653424385281,261.9843697262734,2.372328758239746
-198.42080296267994,262.72433187956864,2.375911235809326
-198.056703690177,263.4749282241094,2.379037857055664
-197.6835637295692,263.7900426433398,2.382162570953369
-197.29426405808377,264.5419432243041,2.385230779647827
-196.88529589100762,265.28987471624714,2.3887946605682373
-196.45661213971994,266.04361081927345,2.390796422958374
-196.00705308806246,266.80781983465437,2.3943018913269043
-195.53544514101532,267.58218850701684,2.3986258506774902
-195.04173575777315,268.3530254905907,2.4017109870910645
-194.5380608090441,268.68886422472013,2.4047935009002686
-194.0169675826958,269.45645646176706,2.4080047607421875
-193.48584334929475,269.7936761188799,2.4111266136169434
-192.94891090016242,270.11634772234237,2.414454221725464
-192.3965185776228,270.86056214743746,2.4323785305023193
-191.83579425187548,271.1539460107967,2.4353790283203125
-191.27040041841835,271.43211297116227,2.4384732246398926
-190.69111604094977,272.1613965310745,2.4414761066436768
-190.09494872187844,272.8857499604852,2.4460256099700928
-189.4914268372071,273.14991237660513,2.44919490814209
-188.87479825929444,273.8694626019096,2.4523379802703857
-188.24224624044572,274.58378824756204,2.455157995223999
-187.5937311071527,275.3047680668911,2.458740234375
-186.92816074736803,276.03813564555946,2.462287187576294
-186.24549218163736,276.7664660804738,2.4653360843658447
-185.55525126469755,277.0343851579315,2.4679555892944336
-184.85168532119175,277.75780825618773,2.472001552581787
-184.13092681206624,278.4937627582704,2.4745516777038574
-183.3918683220157,279.24195119000984,2.4780590534210205
-182.64401666964116,279.54441339344976,2.481095790863037
-181.8910286684781,279.83118782880223,2.483642578125
-181.12368211893957,280.56932887238,2.4877631664276123
-180.34802082086628,280.8571547312047,2.4897665977478027
-179.5579444097491,281.59637773740735,2.4928066730499268
-178.7594965441457,281.88525720826726,2.508758306503296
-177.95614220950603,282.15813144454927,2.51175856590271
-177.14820410273356,282.41480907308585,2.5153822898864746
-176.3275026995337,283.131127995969,2.5178868770599365
-175.4903644764117,283.86062963094304,2.52093243598938
-174.64526499128758,284.1354160929532,2.5234663486480713
-173.79547573033574,284.3938924459565,2.5260651111602783
-172.93383399313666,285.0924718341587,2.5306477546691895
-172.065633779475,285.3181564208877,2.5332441329956055
-171.18618047725263,286.0107791700056,2.5362467765808105
-170.2931920017625,286.69710701019864,2.5394742488861084
-169.38761806473528,287.36994269309395,2.5434744358062744
-168.46942636523406,288.0503578934855,2.546074390411377
-167.53759999108524,288.7452246064526,2.5494635105133057
-166.59903417716654,288.9738007812847,2.553016185760498
-165.65001731736442,289.64830288183043,2.5560708045959473
-164.68826992348,290.330453810292,2.5592854022979736
-163.71277555167222,291.0271931716934,2.562182903289795
-162.73042914700264,291.2575757959532,2.566227436065674
-161.7439120567743,291.47076070965164,2.5698161125183105
-160.7534600791091,291.66659803954815,2.573415994644165
-159.75302889535845,292.33577270405175,2.5770790576934814
-158.73973371330092,293.0199710334601,2.5805139541625977
-157.71993477877362,293.23444592588476,2.583500385284424
-156.69026024761155,293.8972786855299,2.5860812664031982
-155.6495595678406,294.5453745491729,2.5896620750427246
-154.59780412460742,295.2015249817013,2.59224796295166
-153.54027490966217,295.3820386962164,2.5952486991882324
-152.47905202418028,295.544728580604,2.5988309383392334
-151.41430665536905,295.6894806360433,2.6008353233337402
-150.3461886564175,295.81619371302895,2.604426383972168
-149.27482642337685,295.9247796300792,2.6064236164093018
-148.20032678151614,296.01516327757633,2.610643148422241
-147.1199402315016,296.59149279897383,2.6135945320129395
-146.03200503941486,297.1848550093535,2.616184711456299
-144.9356266045269,297.79501202045094,2.619767189025879
-143.8307821350724,298.3971875526077,2.62176775932312
-142.72143432331742,298.50672088088464,2.625408887863159
-141.60884734843643,298.59789312495747,2.627955198287964
-140.49027143860744,299.17509114282507,2.6310102939605713
-139.36404487580188,299.7694811813676,2.647880792617798
-138.22927313163828,300.38082501778626,2.6514296531677246
-137.0859331428484,300.98410865943913,2.6550073623657227
-135.93400241366416,301.59601023633974,2.6585774421691895
-134.77256526698147,302.224695518742,2.6621170043945312
-133.6006853380465,302.8699132728071,2.665152072906494
-132.41833472297216,303.50742251724097,2.668262004852295
-131.22548611636532,304.1533857573703,2.6712982654571533
-130.0211831116421,304.81570198486315,2.6748344898223877
-128.8053952750217,305.47047438971487,2.677877187728882
-127.57809278766473,306.1336358387922,2.6815104484558105
-126.33829981250592,306.8129658639178,2.6845171451568604
-125.09183714491546,307.01911152280354,2.6875078678131104
-123.84098195350855,307.206851610703,2.6900899410247803
-122.58023102976712,307.87112735343516,2.693634033203125
-121.31315738183018,308.0593884431906,2.6966617107391357
-120.03614540185065,308.72421128845986,2.699246883392334
-118.75276798599981,308.9129940332099,2.7023704051971436
-117.46033659196158,309.55383167267615,2.7063589096069336
-116.15711660511616,310.20330892145216,2.7089293003082275
-114.84215231657646,310.86950759505913,2.724249839782715
-113.51446857301387,311.5521620385081,2.7277891635894775
-112.17307133034807,312.251000031362,2.7308335304260254
-110.81694822692288,312.9657427917687,2.734105348587036
-109.44506917601804,313.6961049796213,2.7377405166625977
-108.05739345340446,314.41961700239466,2.742940902709961
-106.66180293400076,314.66851751129326,2.746396541595459
-105.25457499552014,315.3618267654508,2.750915050506592
-103.83438625505968,316.0395267699979,2.7554242610931396
-102.40120321979417,316.72581038825604,2.7590126991271973
-100.95403282436729,317.42858983282133,2.764014720916748
-99.49186384444864,318.1475849605797,2.7686755657196045
-98.02158799513252,318.3994365993435,2.7721805572509766
-96.53850667548166,319.1192290859603,2.7751810550689697
-95.04726456628315,319.3718498965702,2.778218984603882
-93.5431629276952,320.09244102864096,2.781221628189087
-92.02292658653,320.82907716366446,2.784221649169922
-90.49397762494544,321.102063858152,2.786221981048584
-88.9591805784215,321.35625431822774,2.7897274494171143
-87.4123847518479,322.0544586367973,2.7932331562042236
-85.85811735877924,322.27084495667077,2.7962329387664795
-84.29239810851486,322.96150274497074,2.798738479614258
-82.71234745304862,323.66903274052993,2.8017382621765137
-81.1243218259578,323.9059411011901,2.8052444458007812
-79.52493642628791,324.5893818412187,2.807746648788452
-77.91208868118515,325.2816671622939,2.8117799758911133
-76.2847871920548,325.99096473372896,2.813779830932617
-74.64202267142596,326.7169921612402,2.8177859783172607
-72.98276853679054,327.45946018116405,2.820788621902466
-71.31444596103285,327.73808852870604,2.823293924331665
-69.63298516926032,328.4574484953082,2.826340913772583
-67.93592170254698,329.1855016520532,2.8295717239379883
-66.22222964219327,329.93014280989047,2.8326172828674316
-64.49086646881196,330.6910750763403,2.835618019104004
-62.74977963352622,330.99190284442295,2.838162660598755
-60.99355995819515,331.7538320241107,2.8412082195281982
-59.21854809977327,332.531811165781,2.844789743423462
-57.433213679496795,332.8537129385449,2.8477940559387207
-55.64080193954478,333.1565080458461,2.8513829708099365
-53.833127030269196,333.92046962787526,2.8543829917907715
-52.00653038857546,334.7006089371266,2.868659734725952
-50.159939477594406,335.49661409186456,2.8726181983947754
-48.302341343328905,335.8407878526667,2.8756625652313232
-46.428652740314696,336.6151037873348,2.8787388801574707
-44.544879067633794,336.9213206102468,2.882284641265869
-42.645610230366394,337.6888170696132,2.8862476348876953
-40.72819863238893,338.449036179207,2.8897924423217773
-38.79259861656903,339.21796704919814,2.893296718597412
-36.84675631908441,339.5265516818417,2.8963403701782227
-34.89371993760803,339.8154476630096,2.8994414806365967
-32.93374200878449,340.0844519912423,2.9025704860687256
-30.96066158889721,340.7963643453668,2.90602445602417
-28.97899617129614,341.0253432311711,2.9086239337921143
-26.991007128906965,341.233877897292,2.912130832672119
-24.991186184314355,341.9199899662716,2.9151687622070312
-22.983101256689295,342.1290717027552,2.9177160263061523
-20.96881329097376,342.31750881750537,2.9212679862976074
-18.948475550718143,342.48516927029766,2.9238100051879883
-16.917673700430175,343.1351296883789,2.9268510341644287
-14.879249786041612,343.3031905959593,2.929401159286499
-12.830313801658393,343.9535766406639,2.9464831352233887
-10.773707665967667,344.1220384076309,2.9495692253112793
-8.706541245627157,344.7728505089898,2.952573299407959
-6.631656331403677,344.94171354035075,2.955573320388794
-4.550709609544223,345.0895328872189,2.95863676071167
-2.4598370629524293,345.72168707737717,2.962311267852783
-0.35696826249089053,346.3733314957436,2.965272903442383
1.7588285973183788,347.04420723698337,2.9687774181365967
3.8875879851319426,347.7060467040999,2.9722836017608643
6.024229196037121,347.8763463578641,2.9753284454345703
8.171642924381752,348.5291118721303,2.977863311767578
10.332102305835214,349.201240494326,2.980905294418335
12.500878027626031,349.3935728030025,2.9839212894439697
14.681227315091153,350.06620382639335,2.98695707321167
16.874709542210635,350.729707742296,2.990110158920288
19.08135903826137,351.4031152909945,2.9931201934814453
21.301210903763373,352.06735554812013,2.996704339981079
23.529186146919223,352.2397912860656,2.999216079711914
25.76729482637723,352.8652982721913,3.0028018951416016
28.016044946905673,353.4709328657064,3.0058019161224365
30.275464626562997,354.08692331879587,3.0088953971862793
32.542471737486274,354.21689880391546,3.011941909790039
34.818375214937674,354.8024834996339,3.014491081237793
37.10417485478643,355.3985814765473,3.018033266067505
39.40074301994181,356.01533880252737,3.020037889480591
41.708972027548455,356.6525099747372,3.023585081100464
44.028893239118744,357.2799079620636,3.026639699935913
46.36053746317508,357.91765980729895,3.0298478603363037
48.700272152795655,358.0710397918832,3.033848524093628
51.04975874094338,358.6785852686727,3.037848472595215
53.40678278965287,358.7881356715022,3.040356159210205
55.773129320585184,359.3855739066101,3.0443553924560547
58.15045953259634,360.0039173704334,3.046355962753296
60.53966559023962,360.6429200438837,3.0498616695404053
62.941659006816685,361.3023281644969,3.0528993606567383
65.35737013916969,361.9818802327982,3.0568997859954834
67.78683554180404,362.65194703934077,3.0603764057159424
70.23009118326732,363.33228346944657,3.0643770694732666
72.68240971758428,363.5323988436001,3.0663764476776123
75.14193957440803,363.71044993659075,3.0708882808685303
77.61221930855825,364.34087249309636,3.0876946449279785
80.09462233678572,364.98186663758116,3.091019630432129
82.59005985875635,365.643532365826,3.0950210094451904
85.09435154290105,365.82261745092376,3.0985348224639893
87.60584819458215,365.9793849807948,3.1025781631469727
90.12444461798775,366.11372585862443,3.105576276779175
92.65005524544938,366.2255471599134,3.1090445518493652
95.18543995798463,366.82548637886623,3.1135969161987305
97.73225988411609,367.44678964934315,3.1165947914123535
100.29140686816413,368.08920998890665,3.1211442947387695
102.86379185152822,368.75249250636807,3.12449312210083
105.44523504256853,368.93310029962845,3.1275346279144287
108.03863025347073,369.5968219036664,3.131119966506958
110.64113938593951,369.77784323303115,3.1341283321380615
113.2511149588797,369.9363057127122,3.136122226715088
115.86845335938668,370.07209906635455,3.1399013996124268
118.49562658039385,370.6625263806374,3.1434566974639893
121.1336369308597,371.26395762586424,3.146496295928955
123.78251373847179,371.854748966857,3.1495003700256348
126.44146073065006,372.423773440259,3.1525461673736572
129.10825518883246,372.4914521933429,3.1694817543029785
131.78226852386018,372.53605206252837,3.173443555831909
134.4638214733278,373.0375097113764,3.176950693130493
137.15265005434856,373.0358831786286,3.1805882453918457
139.8479506769022,373.4908047276603,3.183619260787964
142.548890923622,373.9220187209593,3.186579465866089
145.25479649136395,374.32924594131083,3.1902010440826416
147.96501216768766,374.7122247367119,3.193665027618408
150.68192072195257,374.5946847223479,3.1966676712036133
153.4035900708861,374.96543039626465,3.200251579284668
156.12961159330976,375.36038364152057,3.2037551403045654
158.8606656187822,375.7793787079392,3.2079434394836426
161.59745526449606,376.22224142565426,3.2111692428588867
164.34070610888054,376.6887892429223,3.214791774749756
167.09043579724778,377.1434682534537,3.2178311347961426
169.84595159998122,377.5742133195413,3.220921277999878
172.6084863898618,377.5023695799436,3.223527669906616
175.3768499924891,377.9210233398368,3.2265026569366455
178.1503601111892,378.32748964104616,3.2300477027893066
180.92836165434073,378.7094606576946,3.233551502227783
183.71323741294947,378.59066678734047,3.2365541458129883
186.50305578902024,378.96028204089373,3.2391765117645264
189.2974091148796,379.3543516918307,3.242213010787964
192.09630976681504,379.73606388239585,3.2453505992889404
194.89976972728397,380.12996194337427,3.2487757205963135
197.70847030073242,380.5481970196506,3.2517740726470947
200.52311547215862,380.9905952715282,3.2548131942749023
203.3444315793705,381.45697437213136,3.257812023162842
206.17322820597883,381.43164713927086,3.2603952884674072
209.00906003468884,381.8980106343207,3.263949394226074
100.00000460654356,64.99834599104226,3.2675421237945557
99.99969137324476,65.47802330611603,3.2715861797332764
99.99933880154613,65.47570652467064,3.274582862854004
99.99902288458024,65.46932942517124,3.278127431869507
99.99879679760043,65.45889746623497,3.2822842597961426
99.99866080408036,65.4504938840171,3.2857584953308105
99.99861512446668,65.44006492635783,3.289346694946289
99.99655127710297,65.90347628187773,3.2933061122894287
99.99395836557841,65.88483289699629,3.2968122959136963
99.99174957067616,65.86214046608474,3.300438642501831
99.98681502884662,66.31751101388312,3.318460702896118
99.98128209466108,66.29466955750027,3.3214638233184814
99.97612546966343,66.27387419535931,3.3255817890167236
99.97134611313113,66.25104776861903,3.329087257385254
99.9669450787353,66.23026608979383,3.3330869674682617
99.96024362969449,66.69090660368205,3.3361270427703857
99.95300069347464,66.6720404632286,3.341758966445923
99.94344972983261,67.13256962551836,3.345700979232788
99.93334964584805,67.11357854334456,3.350205659866333
99.923489991061,67.09666220618489,3.3537094593048096
99.91387137167422,67.07768128183396,3.3577487468719482
99.90461810193338,67.05457800326035,3.361335277557373
99.89262026813932,67.50957450634924,3.3649230003356934
99.87988151850132,67.4925583562848,3.36846923828125
99.86463495656275,67.95017620099125,3.3724734783172607
99.84608266597523,68.41038320231827,3.376471757888794
99.82685691462497,68.3973662705915,3.3800928592681885
99.80622755197678,68.86775173597266,3.3835582733154297
99.78521413455098,68.85677826848107,3.3875622749328613
99.76431160616869,68.84154830163465,3.3911070823669434
99.74152039536438,69.306829080128,3.409374952316284
99.71823001945624,69.29149956957487,3.413372755050659
99.69514470128046,69.27189774933154,3.4169600009918213
99.6722650279567,69.25443739624875,3.4211795330047607
99.6495915125386,69.23484606049578,3.4264943599700928
99.62395304347386,69.68627763561017,3.4300403594970703
99.59747617305125,69.66441839127936,3.4340808391571045
99.56863975208395,70.12419330867502,3.4375834465026855
99.53646141437869,70.58106669214736,3.4417641162872314
99.50361191105628,70.55675675753648,3.4452409744262695
99.47121298426421,70.5281276926332,3.449817180633545
99.4392658874492,70.5016711833058,3.4533615112304688
99.40777176953391,70.47306446989023,3.4564034938812256
99.37690245954055,70.4401636265517,3.460989236831665
99.34665967638388,70.40942778289227,3.464574098587036
99.31704501937261,70.3765566487864,3.4681191444396973
99.28384499041836,70.81849856764416,3.4723472595214844
99.24992014238165,70.78543645597964,3.4757516384124756
99.21680757015616,70.74808400384636,3.4793319702148438
99.17974539629685,71.18347609819654,3.482445001602173
99.13754960268308,71.62506592602033,3.4865634441375732
99.09460513549276,71.59162726273995,3.4896481037139893
99.04803994902295,72.03303899798507,3.4936394691467285
99.00054376197701,72.00601796637005,3.4976413249969482
98.95331179232628,71.98343106413593,3.5012154579162598
98.90634470004612,71.95863811916857,3.504821300506592
98.85653230295293,72.41209631296725,3.508355140686035
98.80600163638029,72.38715572466356,3.5124282836914062
98.75202653567712,72.83137156713944,3.515899896621704
98.69727152565234,72.79736973162844,3.5194876194000244
98.6432738020784,72.75895561137335,3.523489236831665
98.5902527037619,72.716157912245,3.5260796546936035
98.53845119117801,72.66900846914811,3.528675079345703
98.48813576332128,72.61754220937786,3.5318381786346436
98.43931037312537,72.5682810729715,3.535261631011963
98.39171561443524,72.52340833790588,3.5388431549072266
98.33980400250528,72.95118758771339,3.5419766902923584
98.28694620384964,72.91490845359266,3.544426918029785
98.2304413982286,73.35574278864866,3.5480687618255615
98.1693150569171,73.80269413282645,3.551008462905884
98.10414458390204,74.25557388173856,3.5676417350769043
98.03821481712167,74.2299983523486,3.5711140632629395
97.97250002815525,74.20671383026313,3.5746896266937256
97.90700074550104,74.18115512953152,3.5776891708374023
97.84171759056538,74.15788592862516,3.5818426609039307
97.77652704254109,74.13919403603586,3.5857670307159424
97.70932890334115,74.60346679367609,3.5888965129852295
97.64151237110661,74.58696575551446,3.5924320220947266
97.57368109620778,74.57277356135478,3.5954365730285645
97.50575808444414,74.56319994404537,3.5979762077331543
97.43680525905434,75.0379426195373,3.6015677452087402
97.36747136805766,75.03063419246237,3.6055660247802734
97.29798838983561,75.02565245540804,3.608107328414917
97.2283262954243,75.02532532562223,3.611111640930176
97.1579724920423,75.50252654466983,3.6147027015686035
97.08720423479696,75.50219733559896,3.618241310119629
97.01625339205445,75.49952587300676,3.6212878227233887
96.9451194777416,75.49919667701955,3.623901128768921
96.87380199261392,75.49652532059841,3.6278703212738037
